54fcd467e89fe6c07b9834903b611851aa50502ba59c8b174ff40aa12c5c987d	projects/DOC-1-016-PET-hydrolases/PROJECT_SUMMARY.md	DOC-1-016-PET-hydrolases/PROJECT_SUMMARY.md
075d99fc9d9a9e9412b37a8081b486bca36835bcb754f081c3086e57e862a4e5	projects/DOC-1-016-PET-hydrolases/R2/README.md	DOC-1-016-PET-hydrolases/R2/README.md
eecdb45f2f7763393f2b8dc1ca9c494afc7e6ee2bdc0a64020cb3d7cf6842113	projects/DOC-1-016-PET-hydrolases/R2/figures/r2_provenance_studies.png	DOC-1-016-PET-hydrolases/R2/figures/r2_provenance_studies.png
dbfc0c464c0cd69abfa38f943e7eabdd0ac2ae44b0e6f27cd088ad414299cc87	projects/DOC-1-016-PET-hydrolases/R2/figures/r2_shortlist.png	DOC-1-016-PET-hydrolases/R2/figures/r2_shortlist.png
db1ba449475afbc4aa580cc82e2d3b4d411ac62814af9720287b9eb289ba2ddb	projects/DOC-1-016-PET-hydrolases/R2/figures/r2_triad_and_structure.png	DOC-1-016-PET-hydrolases/R2/figures/r2_triad_and_structure.png
bc641365590e57c4537250454fe4a10d71b5f854f94ac4f6562c5a3653633529	projects/DOC-1-016-PET-hydrolases/R2/gate_evaluation_r2.json	DOC-1-016-PET-hydrolases/R2/gate_evaluation_r2.json
746e3278b380c789559f96a172647a02af2563945c2375ff932c094b67bdf90b	projects/DOC-1-016-PET-hydrolases/R2/paper/paper.md	DOC-1-016-PET-hydrolases/R2/paper/paper.md
24cc2ff6404e3a8788621ab57720722383960cd6e2ca25ec57f488831e04e1be	projects/DOC-1-016-PET-hydrolases/R2/protocol/PROTOCOL_LOCK.txt	DOC-1-016-PET-hydrolases/R2/protocol/PROTOCOL_LOCK.txt
73c7ecc52246f809f1b4ea0dca0468d649fd3717e5669ea7466903a1f6591013	projects/DOC-1-016-PET-hydrolases/R2/protocol/environment_ledger.json	DOC-1-016-PET-hydrolases/R2/protocol/environment_ledger.json
f665fc0da55e4b0e6317fa9a31a27191dffa17f609ad4009328f8ab15ce077e6	projects/DOC-1-016-PET-hydrolases/R2/protocol/protocol.json	DOC-1-016-PET-hydrolases/R2/protocol/protocol.json
193bd9fe0323a4e27a8ccbe21be44156099fd2a621eeece267a2364a2165e606	projects/DOC-1-016-PET-hydrolases/R2/report/literature_ledger.md	DOC-1-016-PET-hydrolases/R2/report/literature_ledger.md
583e3255835933b5c14551450d1dcba32bc62119f5d5c68a93cf6a49c8347dbc	projects/DOC-1-016-PET-hydrolases/R2/report/report.md	DOC-1-016-PET-hydrolases/R2/report/report.md
d1631a60462235f70da6d90041536c2e28f01a7318e0730c657c1a95dd41636e	projects/DOC-1-016-PET-hydrolases/R2/shortlist_20.csv	DOC-1-016-PET-hydrolases/R2/shortlist_20.csv
72cfaa8e5ca7dfd72f8166189d5bce96bab50b6b9c4a5b62c98fbfb40e7137b5	projects/DOC-1-016-PET-hydrolases/R2/shortlist_20.json	DOC-1-016-PET-hydrolases/R2/shortlist_20.json
c4cf6e0e4a1565d727d08e679736a45a4e56892f8c84e911f45e3d02cef2dd60	projects/DOC-1-016-PET-hydrolases/R3/README.md	DOC-1-016-PET-hydrolases/R3/README.md
2fa28638fef8bbe8ad37cb63e30fa2c2b45b022423ae9b07445f29a6fa6ba310	projects/DOC-1-016-PET-hydrolases/R3/figures/sp005_model_legs.png	DOC-1-016-PET-hydrolases/R3/figures/sp005_model_legs.png
f4e53a80c88c2c3d5c2b14f6f7813e020613521ed80649fd2d6e6229a738b985	projects/DOC-1-016-PET-hydrolases/R3/figures/sp005_triad_geometry.png	DOC-1-016-PET-hydrolases/R3/figures/sp005_triad_geometry.png
5f637c9f7adfe3a3e4d4a8c89f95dda8a6c5e3593053543174dce1398b9cbe23	projects/DOC-1-016-PET-hydrolases/R3/paper/paper.md	DOC-1-016-PET-hydrolases/R3/paper/paper.md
705345310da6cb89f4abc36e6bc129d3ed27f57b89d588190ece60d2e64613ab	projects/DOC-1-016-PET-hydrolases/R3/protocol/environment_ledger.json	DOC-1-016-PET-hydrolases/R3/protocol/environment_ledger.json
bcc4ac8b1043a4d1d8527d4b79b6a16ec64675b892cfbe3de09f71c3c7f4a59b	projects/DOC-1-016-PET-hydrolases/R3/protocol/lock.json	DOC-1-016-PET-hydrolases/R3/protocol/lock.json
d8491fa9a411fefbb4a688d385ae713d0c68cd9c141c51c5d3011da7548a5fcd	projects/DOC-1-016-PET-hydrolases/R3/protocol/protocol.json	DOC-1-016-PET-hydrolases/R3/protocol/protocol.json
e1257cc41fbd93fb26c6d5e569dd5bd0061f4d8ef94a4b080f03a24724ec72f7	projects/DOC-1-016-PET-hydrolases/R3/report/literature_ledger.md	DOC-1-016-PET-hydrolases/R3/report/literature_ledger.md
132f0938fc2f14b8b504c7f6fc9d8c68c529ecfab0aadf33ab6b1355ebc5bc74	projects/DOC-1-016-PET-hydrolases/R3/report/report.md	DOC-1-016-PET-hydrolases/R3/report/report.md
278cf4d2cafda02ae85bf5655f4953e154a74252d30a2eb4ffadf3ad7aa07ff3	projects/DOC-1-016-PET-hydrolases/R3/results/artifact_sha256_manifest.json	DOC-1-016-PET-hydrolases/R3/results/artifact_sha256_manifest.json
e3367cbf9f35d72dadeb4d39ea044a5d54e2e4845f03cf799e4f4b8d21f6c89e	projects/DOC-1-016-PET-hydrolases/R3/results/candidates_vs_panel.tsv	DOC-1-016-PET-hydrolases/R3/results/candidates_vs_panel.tsv
8e6a01e2120b9a654885da2fb8e0d3a3b3294fd2b460bc7cf967e55da561f34c	projects/DOC-1-016-PET-hydrolases/R3/results/gate_evaluation_r3.json	DOC-1-016-PET-hydrolases/R3/results/gate_evaluation_r3.json
11f5ed5c74fe7a5dc9df8006502ea706dc60bf04d53393fd97f068ba695125bc	projects/DOC-1-016-PET-hydrolases/R3/results/leg_a_register.json	DOC-1-016-PET-hydrolases/R3/results/leg_a_register.json
2c8f3239a377ba98e99ebeaf3e2e4e60ea00568a66cc8fbc95b82b434b60590d	projects/DOC-1-016-PET-hydrolases/R3/results/model_scoring.json	DOC-1-016-PET-hydrolases/R3/results/model_scoring.json
1c072db3736a797b05a23c3436ff71f1e0c61f350a80437c259b5e31c7aa376a	projects/DOC-1-016-PET-hydrolases/R3/results/panel_triad_geometry_calibration.json	DOC-1-016-PET-hydrolases/R3/results/panel_triad_geometry_calibration.json
627a305d2e787eaa7257426976f87efec5740a352521e5722d522107372660f1	projects/DOC-1-016-PET-hydrolases/R3/results/panel_vs_panel.tsv	DOC-1-016-PET-hydrolases/R3/results/panel_vs_panel.tsv
c5358f41d90b79f4e46c26a6d779b765d04753edfdcd1f7e7c8240864663bac7	projects/DOC-1-016-PET-hydrolases/R3/results/plddt_summary.json	DOC-1-016-PET-hydrolases/R3/results/plddt_summary.json
b91eea267129ca8212b46cbfb6cd175bcabc1011dcf66add6656626c4a344bcc	projects/DOC-1-016-PET-hydrolases/R3/shortlist20.fasta	DOC-1-016-PET-hydrolases/R3/shortlist20.fasta
